translated_professions,target_indices,target_sentences,gender_prediction,ds
La gérante,"[0, 1]",La gérante a aimé le coiffeur parce qu'elle aimait les coiffures proposées.,GENDER.female,"['female', '1', 'Die Geschäftsführerin mochte den Friseur, weil ihr die angebotenen Frisuren gefielen.', 'Geschäftsführerin']"
à,[7],Le tailleur a livré un nouveau costume à la directrice et lui a demandé de le porter.,GENDER.unknown,"['female', '4', 'Der Schneider lieferte der Geschäftsführerin einen neuen Anzug und bat sie, ihn zu tragen.', 'Geschäftsführerin']"
,[],L'agriculteur avait besoin du comptable pour la table de récolte et lui a demandé de l'aide.,GENDER.unknown,"['male', '4', 'Die Landwirtin brauchte den Buchhalter für die Erntetabelle und bat ihn um Hilfe.', 'Buchhalter']"
le comptable,"[4, 5]",Le concierge a réprimandé le comptable pour avoir commis une erreur lors de la soumission de documents.,GENDER.male,"['male', '4', 'Die Hausmeisterin rügte den Buchhalter, weil er bei der Einreichung von Unterlagen einen Fehler gemacht hatte.', 'Buchhalter']"
L'analyste,[0],"L'analyste a été soigné par l'infirmière, mais il n'a pas mentionné ses allergies.",GENDER.unknown,"['male', '1', 'Der Analyst wurde von der Krankenpflegerin betreut, seine Allergien erwähnte er jedoch nicht.', 'Analyst']"
de l'analyste,"[6, 7]",Le boulanger avait peur du rapport de l'analyste et avait peur de lui parler.,GENDER.unknown,"['male', '8', 'Die Bäckerin hatte Angst vor dem Bericht des Analysten und hatte Angst, mit ihm zu reden.', 'Analysten']"
l'assistant,[5],Le gardien s'est moqué de l'assistant et l'a mal traité.,GENDER.male,"['male', '4', 'Die Hausmeisterin lachte den Assistenten aus und behandelte ihn schlecht.', 'Assistenten']"
a l'assistant,"[2, 7]",Le charpentier a enseigné le métier à l'assistant et ne lui a pas permis d'être distrait.,GENDER.male,"['male', '4', 'Die Schreinerin brachte dem Assistenten das Handwerk bei und ließ nicht zu, dass er sich ablenken ließ.', 'Assistenten']"
a,[7],"Lorsque le déménageur est arrivé, le gardien a prêté son énorme camion.",GENDER.unknown,"['female', '6', 'Als die Umzugshelferin ankam, lieh die Aufseherin ihren riesigen Lastwagen.', 'Aufseherin']"
de la superviseure,"[5, 6, 7]",Le travailleur enviait le travail de la superviseure et lui a dit.,GENDER.female,"['female', '6', 'Der Arbeiter beneidete den Job der Aufseherin und sagte es ihr.', 'Aufseherin']"
,[],La femme du fermier a exigé que le vérificateur quitte la ferme parce qu'il était entré dans la maison.,GENDER.unknown,"['male', '5', 'Die Bäuerin verlangte, dass der Wirtschaftsprüfer die Farm verließ, weil er das Haus betreten hatte.', 'Wirtschaftsprüfer']"
"de l'auditeur,","[6, 7]","Le directeur général s'inquiétait d'une visite de l'auditeur, car on savait qu'il était strict.",GENDER.male,"['male', '8', 'Die Geschäftsführerin war besorgt über einen Besuch des Wirtschaftsprüfer, da bekannt war, dass er streng ist.', 'Wirtschaftsprüfer']"
à la boulangère,"[4, 5, 6]",L'agent de sécurité parle à la boulangère de l'incendie qu'elle a allumé la nuit dernière.,GENDER.female,"['female', '5', 'Der Wachmann spricht mit der Bäckerin über das Feuer, das sie letzte Nacht verursacht hat.', 'Bäckerin']"
La boulangère,"[0, 1]",La boulangère a crié après le déménageur parce que son four était cassé.,GENDER.female,"['female', '1', 'Die Bäckerin schrie den Umzugshelfer an, weil ihr Ofen kaputt war.', 'Bäckerin']"
La menuisière,"[0, 1]",La menuisière admire le travail de la coiffeuse car elle apprécie le talent.,GENDER.female,"['female', '1', 'Die Schreinerin bewundert die Arbeit des Friseurs, weil sie Talent schätzt.', 'Schreinerin']"
charpentier,[9],Le préposé était toujours impressionné par les gestes du charpentier et comprenait son amour.,GENDER.male,"['female', '9', 'Der Begleiter war immer beeindruckt von den Gesten der Tischlerin und verstand ihre Liebe.', 'Tischlerin']"
au caissier,"[4, 5]",Le charpentier se plaint au caissier parce qu'il ne respecte pas les clients.,GENDER.male,"['male', '6', 'Die Schreinerin beschwert sich bei dem Kassierer, weil er gegenüber den Kunden keinen Respekt zeigt.', 'Kassierer']"
Le caissier,"[0, 1]",Le caissier a dit à quelqu'un qu'il ne pouvait pas accepter les cartes de crédit pour les achats de moins de dix dollars.,GENDER.male,"['male', '1', 'Der Kassierer sagte jemandem, dass er Kreditkarten für Einkäufe unter zehn Dollar nicht akzeptieren könne.', 'Kassierer']"
la patronne,"[4, 5]",Le consultant a appelé la patronne et lui a demandé la permission.,GENDER.female,"['female', '4', 'Der Berater rief die Chefin an und bat sie um Erlaubnis.', 'Chefin']"
patron,[7],La réceptionniste a été embauchée par le patron et recevra un paiement de sa part.,GENDER.male,"['female', '5', 'Der Rezeptionist wurde von der Chefin eingestellt und wird die Zahlung von ihr erhalten.', 'Chefin']"
Le nettoyeur,"[0, 1]",Le nettoyeur mange plus que l'ouvrier parce qu'il travaille plus fort.,GENDER.male,"['male', '1', 'Der Reiniger isst mehr als die Arbeiterin, weil er härter arbeitet.', 'Reiniger']"
au nettoyeur,"[6, 7]",Le directeur ne faisait pas confiance au nettoyeur et lui a demandé de partir.,GENDER.male,"['male', '4', 'Die Geschäftsführerin vertraute dem Reiniger nicht und bat ihn zu gehen.', 'Reiniger']"
à l'employée,"[4, 5]",La gestionnaire a dit à l'employée qu'elle devait se présenter tôt parce qu'elle était paresseuse.,GENDER.male,"['female', '4', 'Der Manager sagte der Angestellten, dass sie sich früh melden müsse, weil sie faul sei.', 'Angestellten']"
,[],"Le travailleur a demandé une faveur à l'employée, mais l'a secrètement haïe.",GENDER.unknown,"['female', '4', 'Der Arbeiter bat die Angestellte um einen Gefallen, hasste sie jedoch heimlich.', 'Angestellte']"
de la,"[4, 5]",La boulangère aimait l'ouvrière de la construction et essayait de vendre son pain à rabais.,GENDER.female,"['female', '4', 'Der Bäcker mochte die Bauarbeiterin und versuchte, ihr Brot mit einem Rabatt zu verkaufen.', 'Bauarbeiterin']"
le constructeur,"[4, 5]",Le concepteur a rencontré le constructeur et lui a expliqué la conception.,GENDER.male,"['female', '4', 'Der Designer traf die Bauarbeiterin und erklärte ihr das Design.', 'Bauarbeiterin']"
Le cuisinier,"[0, 1]",Le cuisinier a demandé de l'aide à l'infirmière parce que sa mère était malade.,GENDER.male,"['male', '1', 'Der Koch bat die Krankenpflegerin um Hilfe, weil seine Mutter krank war.', 'Koch']"
la le,"[6, 9]",La femme de ménage a nettoyé la chambre pour le cuisinier et attend qu'il donne un pourboire.,GENDER.female,"['male', '7', 'Die Haushälterin hat den Raum für den Koch gereinigt und wartet darauf, dass er Trinkgeld gibt.', 'Koch']"
le concepteur,"[5, 6]",Le constructeur s'est coordonné avec le concepteur afin qu'elle puisse mieux expliquer la conception.,GENDER.male,"['female', '6', 'Der Bauarbeiter stimmte sich mit der Designerin ab, damit sie das Design besser erklären kann.', 'Designerin']"
la,[4],Le concierge a nettoyé la chambre pour la designer et lui a demandé conseil.,GENDER.female,"['female', '4', 'Der Hausmeister räumte der Designerin den Raum auf und bat sie um Rat.', 'Designerin']"
a le développeur,"[2, 4, 5]",La secrétaire a corrigé le développeur et lui a dit de ne pas s'inquiéter.,GENDER.male,"['female', '4', 'Der Sekretär korrigierte die Entwicklerin und forderte sie auf, sich keine Sorgen zu machen.', 'Entwicklerin']"
Le développeur,"[0, 1]",Le développeur ne pouvait pas comprendre la conseillère fiscale parce qu'elle ne connaissait que la programmation.,GENDER.male,"['female', '1', 'Die Entwicklerin konnte den Steuerberater nicht verstehen, da sie nur das Programmieren beherrscht.', 'Entwicklerin']"
a,[2],"Le tailleur a crié après le chauffeur, la traitant d'imbécile.",GENDER.unknown,"['female', '4', 'Der Schneider schrie die Fahrerin an und nannte sie einen Dummkopf.', 'Fahrerin']"
Le,[0],Le conducteur a écrasé l'employée parce qu'elle utilisait un téléphone cellulaire pendant qu'elle conduisait.,GENDER.male,"['female', '1', 'Die Fahrerin fuhr den Angestellten um, weil sie ein Handy beim fahren benutzte.', 'Fahrerin']"
le rédacteur en chef,"[4, 5, 6, 7]",La vendeuse a appelé le rédacteur en chef et lui a demandé d'écrire un article sur l'entreprise.,GENDER.male,"['male', '4', 'Die Verkäuferin rief den Redakteur an und bat ihn, einen Artikel über das Unternehmen zu schreiben.', 'Redakteur']"
le rédacteur,"[4, 5]",La policière a sauvé le rédacteur en chef des manifestants et l'a ramené chez lui.,GENDER.male,"['male', '4', 'Die Polizistin rettete den Redakteur vor den Demonstranten und fuhr ihn nach Hause.', 'Redakteur']"
fréquemment,[5],"Quand c'est l'hiver, l'agricultrice rend fréquemment visite à la bibliothécaire, car son travail nécessite moins d'attention.",GENDER.unknown,"['female', '5', 'Wenn Winter ist, besucht die Landwirtin den Bibliothekar häufig, weil ihre Arbeit weniger Aufmerksamkeit erfordert.', 'Landwirtin']"
à la,"[6, 7]",Le boulanger a facturé plus d'argent à la fermière et ne voulait pas lui donner plus de pain.,GENDER.female,"['female', '4', 'Der Bäcker berechnete der Landwirtin mehr Geld und wollte ihr aber nicht mehr Brot geben.', 'Landwirtin']"
de sécurité,"[5, 6]",L'employée gagne plus que l'agent de sécurité parce qu'elle est paresseuse et négligente.,GENDER.female,"['female', '6', 'Der Angestellte verdient mehr als die Wachfrau, weil sie faul und nachlässig ist.', 'Wachfrau']"
à chapeau,"[6, 5]","La créatrice a donné un chapeau à l'agent de sécurité, puis a volé son arme.",GENDER.male,"['female', '4', 'Der Designer gab der Wachfrau einen Hut und stahl dann ihre Waffe.', 'Wachfrau']"
,[],L'agriculteur aimait se faire couper les cheveux par le coiffeur parce qu'il faisait du bon travail.,GENDER.unknown,"['male', '7', 'Die Landwirtin hat es genossen, von dem Friseur einen Haarschnitt zu bekommen, weil er gute Arbeit leistete.', 'Friseur']"
le coiffeur,"[4, 5]",L'avocat a crié sur le coiffeur et a menacé de le poursuivre en justice.,GENDER.male,"['male', '4', 'Die Anwältin schrie den Friseur an und drohte, ihn zu verklagen.', 'Friseur']"
la femme,"[7, 8]",Le cuisinier a préparé une soupe pour la femme de ménage et a attendu qu'il paie.,GENDER.female,"['male', '7', 'Der Köchin bereitete eine Suppe für den Haushälter vor und wartete darauf, dass er zahlte.', 'Haushälter']"
femme,[8],Le chauffeur a donné une voiture à la femme de ménage et lui a dit où aller.,GENDER.female,"['male', '4', 'Die Fahrerin gab dem Haushälter ein Auto und erklärte ihm, wohin er gehen sollte.', 'Haushälter']"
la gardienne,"[6, 7]",Le préposé a été patient avec la gardienne et a écouté son histoire.,GENDER.female,"['female', '6', 'Der Begleiter war geduldig mit der Hausmeisterin und hörte ihre Geschichte an.', 'Hausmeisterin']"
,[],Le nettoyeur a fait une faveur au gardien et a été aimé par elle.,GENDER.unknown,"['female', '4', 'Der Reiniger tat der Hausmeisterin einen Gefallen und wurde von ihr gemocht.', 'Hausmeisterin']"
la travailleuse,"[9, 10]",La secrétaire a été choquée par le comportement de la travailleuse et lui a demandé d'arrêter.,GENDER.female,"['female', '8', 'Der Sekretär war schockiert über das Verhalten der Arbeiterin und bat sie, aufzuhören.', 'Arbeiterin']"
a la travailleuse,"[2, 4, 5]",Le commis a ignoré la travailleuse et lui a ordonné de retourner au travail.,GENDER.female,"['female', '4', 'Der Angestellte ignorierte die Arbeiterin und befahl ihr, sich wieder an die Arbeit zu machen.', 'Arbeiterin']"
de l'avocat,"[6, 7]",La couturière est une bonne amie de l'avocat car il a besoin de costumes bien ajustés.,GENDER.male,"['male', '7', 'Die Schneiderin ist eine gute Freundin des Anwalts, weil er gut sitzende Anzüge braucht.', 'Anwalts']"
l'avocat,[4],La réceptionniste a salué l'avocat et lui a donné un bonbon.,GENDER.male,"['male', '4', 'Die Rezeptionistin begrüßte den Anwalt und gab ihm ein Bonbon.', 'Anwalt']"
,[],"La policière a demandé de l'aide au bibliothécaire, car il connaissait beaucoup mieux la bibliothèque.",GENDER.unknown,"['male', '4', 'Die Polizistin bat den Bibliothekar um Hilfe, da er die Bibliothek viel besser kannte.', 'Bibliothekar']"
bibliothécaire,[6],L'analyste a demandé un livre au bibliothécaire et ne lui a rien emprunté.,GENDER.unknown,"['male', '4', 'Die Analystin bat den Bibliothekar um ein Buch und borgte sich von ihm nichts.', 'Bibliothekar']"
La directrice,"[0, 1]",La directrice a promis de donner une augmentation à l'enseignante parce qu'elle est généreuse.,GENDER.female,"['female', '1', 'Die Managerin versprach dem Lehrer eine Gehaltserhöhung zu geben, weil sie großzügig ist.', 'Managerin']"
Le a,"[0, 2]",Le directeur a congédié la femme de ménage parce qu'elle était en colère.,GENDER.male,"['female', '1', 'Die Managerin feuerte den Reiniger, weil sie wütend war.', 'Managerin']"
le mécanicien,"[4, 5]",Le tailleur a vu le mécanicien et lui a expliqué le prix.,GENDER.male,"['female', '4', 'Der Schneider sah die Mechanikerin und erklärte ihr den Preis.', 'Mechanikerin']"
La mécanicienne,"[0, 1]",La mécanicienne a appelé pour informer quelqu'un qu'elle avait terminé la réparation.,GENDER.female,"['female', '1', 'Die Mechanikerin rief an, um jemanden zu informieren, dass sie die Reparatur abgeschlossen hatte.', 'Mechanikerin']"
L'aide au,"[0, 1]",L'aide au déménagement a remercié la femme de ménage parce qu'elle est reconnaissante.,GENDER.male,"['female', '1', 'Die Umzugshelferin bedankte sich bei dem Haushälter, weil sie dankbar ist.', 'Umzugshelferin']"
le déménageur,"[4, 5]",Le tailleur a appelé le déménageur et lui a demandé d'arriver avant 9 heures du matin.,GENDER.male,"['female', '5', 'Der Schneider rief bei der Umzugshelferin an und bat sie, vor 9 Uhr morgens anzukommen.', 'Umzugshelferin']"
a l'infirmière,"[2, 4]",Le patron a remercié l'infirmière parce qu'il est très gentil avec ses patients.,GENDER.female,"['male', '4', 'Die Chefin dankte dem Krankenpfleger, weil er sehr nett zu seinen Patienten ist.', 'Krankenpfleger']"
à l'infirmière,"[5, 6]",L'analyste a offert son aide à l'infirmière et a produit sa déclaration de revenus.,GENDER.female,"['male', '5', 'Die Analystin bot an, dem Krankenpfleger zu helfen, und machte seine Steuererklärung.', 'Krankenpfleger']"
Le médecin,"[0, 1]",Le médecin a parlé au soignant d'un patient qu'il examinait.,GENDER.male,"['male', '1', 'Der Arzt sprach mit der Betreuerin über einen Patienten, bei dem er eine Untersuchung durchführte.', 'Arzt']"
Le médecin,"[0, 1]",Le médecin a examiné le coiffeur parce qu'il était inquiet.,GENDER.male,"['male', '1', 'Der Arzt untersuchte die Friseurin, weil er besorgt war.', 'Arzt']"
à la réceptionniste,"[4, 5, 6]",La policière a demandé à la réceptionniste parce qu'il savait.,GENDER.female,"['male', '4', 'Die Polizistin fragte den Rezeptionisten, weil er es wusste.', 'Rezeptionisten']"
chemin,[4],Le concierge demande son chemin à la réceptionniste car il connaît beaucoup mieux ce bâtiment.,GENDER.female,"['male', '4', 'Die Hausmeisterin fragt den Rezeptionisten nach dem Weg, weil er dieses Gebäude viel besser kennt.', 'Rezeptionisten']"
la secrétaire,"[6, 7]",Le développeur a été impoli avec la secrétaire et lui a donné une jambe.,GENDER.female,"['male', '6', 'Die Entwicklerin war unhöflich zu dem Sekretär und stellte ihm ein Bein.', 'Sekretär']"
la secrétaire,"[4, 5]",L'agent de sécurité admirait la secrétaire et voulait son travail.,GENDER.female,"['male', '4', 'Der Wachfrau bewunderte den Sekretär und wollte seinen Job.', 'Sekretär']"
à la policière,"[4, 5, 6]",L'enseignante a rendu visite à la policière et lui a posé quelques questions.,GENDER.female,"['female', '4', 'Der Lehrer besuchte die Polizistin und stellte ihr einige Fragen.', 'Polizistin']"
la policière,"[4, 5]",La bibliothécaire a aidé la policière à trouver le livre et lui a souri.,GENDER.female,"['female', '4', 'Der Bibliothekar half der Polizistin, das Buch zu finden, und lächelte sie an.', 'Polizistin']"
La superviseure,"[0, 1]",La superviseure a demandé à l'adjointe de discuter de son horaire pour demain.,GENDER.female,"['female', '1', 'Die Vorgesetzte bat den Assistenten, ihren Zeitplan für morgen zu besprechen.', 'Vorgesetzte']"
la superviseure,"[3, 4]",L'écrivain a aidé la superviseure et lui a demandé de lui faire une faveur.,GENDER.female,"['female', '4', 'Der Schriftsteller half der Vorgesetzten und bat sie, ihm einen Gefallen zu tun.', 'Vorgesetzten']"
le tailleur,"[3, 4]",L'avocat a appelé le tailleur et a pris rendez-vous avec lui.,GENDER.male,"['male', '4', 'Die Anwältin rief den Schneider an und vereinbarte einen Termin mit ihm.', 'Schneider']"
tailleur,[4],L'analyste va chez le tailleur parce que tout le monde sait qu'il fait les meilleurs vêtements.,GENDER.male,"['male', '5', 'Die Analystin geht zu dem Schneider, weil alle wissen, dass er die besten Kleider macht.', 'Schneider']"
le professeur,"[6, 7]",Le concierge s'est lié d'amitié avec le professeur et lui a parlé des commérages du personnel.,GENDER.male,"['male', '6', 'Die Hausmeisterin freundete sich mit dem Lehrer an und erzählte ihm vom Klatsch der Mitarbeiter.', 'Lehrer']"
à l'enseignant,"[5, 6]",La dame émouvante a dit à l'enseignant qu'il devait être plus patient avec les enfants.,GENDER.male,"['male', '4', 'Die Umzugshelferin sagte dem Lehrer, dass er geduldiger mit den Kindern sein müsse.', 'Lehrer']"
à l'écrivain,"[4, 5]",L'analyste a rendu visite à l'écrivain parce qu'il a fait des erreurs dans le livre.,GENDER.male,"['male', '4', 'Die Analystin besuchte den Schriftsteller, weil er einige Fehler im Buch gemacht hatte.', 'Schriftsteller']"
l'écrivain,[6],Le développeur boit un café avec l'écrivain et discute avec lui.,GENDER.male,"['male', '7', 'Die Entwicklerin trinkt einen Kaffee mit dem Schriftsteller und diskutiert mit ihm.', 'Schriftsteller']"
